{"name":"5eb92c37-04c8-4c43-98c3-4b0e505da5fd","id":"/providers/Microsoft.Flow/flows/5eb92c37-04c8-4c43-98c3-4b0e505da5fd","type":"Microsoft.Flow/flows","properties":{"apiId":"/providers/Microsoft.PowerApps/apis/shared_logicflows","displayName":"Send Proposal to Customer","definition":{"metadata":{"workflowEntityId":null,"flowclientsuspensionreason":"None","flowclientsuspensiontime":null,"creator":{"id":"8bbd17e9-f756-4697-b032-bf660857094f","type":"User","tenantId":"43a8a2a7-0b3d-4566-a10c-4346596d9c92"},"provisioningMethod":"FromDefinition","failureAlertSubscription":true,"clientLastModifiedTime":"2021-03-11T05:56:17.6972177Z"},"$schema":"https://schema.management.azure.com/providers/Microsoft.Logic/schemas/2016-06-01/workflowdefinition.json#","contentVersion":"1.0.0.0","parameters":{"$connections":{"defaultValue":{},"type":"Object"},"$authentication":{"defaultValue":{},"type":"SecureObject"}},"triggers":{"manual":{"splitOn":"@triggerBody()['rows']","type":"Request","kind":"ApiConnection","inputs":{"schema":{"type":"object","properties":{"rows":{"type":"array","items":{"type":"object","properties":{"text":{"title":"Cover","type":"string","x-ms-dynamically-added":true,"description":"Please enter your input","x-ms-content-hint":"TEXT","enum":["London","New York","San Francisco","Seattle","Tokyo"]},"boolean":{"title":"Add Whitepaper 1","type":"boolean","x-ms-dynamically-added":true,"description":"Please select yes or no","x-ms-content-hint":"BOOLEAN"},"boolean_1":{"title":"Add Whitepaper 2","type":"boolean","x-ms-dynamically-added":true,"description":"Please select yes or no","x-ms-content-hint":"BOOLEAN"},"text_1":{"title":"Password","type":"string","x-ms-dynamically-added":true,"description":"Please enter your input","x-ms-content-hint":"TEXT"},"text_2":{"title":"Customer Name","type":"string","x-ms-dynamically-added":true,"description":"Please enter your input","x-ms-content-hint":"TEXT"},"entity":{"type":"object","properties":{"ID":{"title":"ID","type":"integer","format":"int64"},"fileName":{"title":"fileName","type":"string"}},"required":["ID","fileName"]}},"required":["text","boolean","boolean_1","text_2","entity"]}}},"required":["rows"]},"host":{"connection":{"name":"@parameters('$connections')['shared_sharepointonline']['connectionId']"},"api":{"runtimeUrl":"https://unitedstates-002.azure-apim.net/apim/sharepointonline"}},"operationId":"ForASelectedFileHybridTrigger","parameters":{"dataset":"https://crmbc932042.sharepoint.com/sites/CustomerContracts","table":"9509f7ce-c715-4a5c-840f-77ebaf729cd9"}}}},"actions":{"templatesFolderPath":{"runAfter":{},"type":"InitializeVariable","inputs":{"variables":[{"name":"templatesFolder","type":"string","value":"/Shared Documents/E04_PDFTools_Merge/Templates"}]}},"Merge_PDFs":{"runAfter":{"Whitepapers":["Succeeded"]},"type":"OpenApiConnection","inputs":{"host":{"apiId":"/providers/Microsoft.PowerApps/apis/shared_adobepdftools","connectionName":"shared_adobepdftools","operationId":"CombinePDF"},"parameters":{"Files Array/outputFileName":"@{triggerBody()['text_2']}_@{triggerBody()['text']}.pdf","Files Array/files":["@outputs('Cover:_Get_File_Content')?['body']","@outputs('Convert_Word_to_PDF')?['body/fileContent']","@outputs('Whitepaper_1:_Get_file_content_using_path')?['body']","@outputs('Whitepaper_2:_Get_file_content_using_path_2')?['body']"]},"authentication":{"value":"@json(decodeBase64(triggerOutputs().headers['X-MS-APIM-Tokens']))['$ConnectionKey']","type":"Raw"}}},"Cover":{"actions":{"Cover:_Get_File_Content":{"runAfter":{},"type":"OpenApiConnection","inputs":{"host":{"apiId":"/providers/Microsoft.PowerApps/apis/shared_sharepointonline","connectionName":"shared_sharepointonline","operationId":"GetFileContentByPath"},"parameters":{"dataset":"https://crmbc932042.sharepoint.com/sites/CustomerContracts","path":"@{variables('templatesFolder')}/Covers/@{triggerBody()['text']}.pdf","inferContentType":true},"authentication":{"value":"@json(decodeBase64(triggerOutputs().headers['X-MS-APIM-Tokens']))['$ConnectionKey']","type":"Raw"}}}},"runAfter":{"finalDocument":["Succeeded"]},"type":"Scope"},"Whitepapers":{"actions":{"Condition:_Add_Whitepaper":{"actions":{"Whitepaper_1:_Get_file_content_using_path":{"runAfter":{},"type":"OpenApiConnection","inputs":{"host":{"apiId":"/providers/Microsoft.PowerApps/apis/shared_sharepointonline","connectionName":"shared_sharepointonline","operationId":"GetFileContentByPath"},"parameters":{"dataset":"https://crmbc932042.sharepoint.com/sites/CustomerContracts","path":"@{variables('templatesFolder')}/Whitepapers/Whitepaper1.pdf","inferContentType":true},"authentication":{"value":"@json(decodeBase64(triggerOutputs().headers['X-MS-APIM-Tokens']))['$ConnectionKey']","type":"Raw"}}}},"runAfter":{},"expression":{"equals":["@triggerBody()['boolean']",true]},"type":"If"},"Condition:_Add_Whitepaper_2":{"actions":{"Whitepaper_2:_Get_file_content_using_path_2":{"runAfter":{},"type":"OpenApiConnection","inputs":{"host":{"apiId":"/providers/Microsoft.PowerApps/apis/shared_sharepointonline","connectionName":"shared_sharepointonline","operationId":"GetFileContentByPath"},"parameters":{"dataset":"https://crmbc932042.sharepoint.com/sites/CustomerContracts","path":"@{variables('templatesFolder')}/Whitepapers/Whitepaper2.pdf","inferContentType":true},"authentication":{"value":"@json(decodeBase64(triggerOutputs().headers['X-MS-APIM-Tokens']))['$ConnectionKey']","type":"Raw"}}}},"runAfter":{"Condition:_Add_Whitepaper":["Succeeded"]},"expression":{"equals":["@triggerBody()['boolean_1']",true]},"type":"If"}},"runAfter":{"Selected_File":["Succeeded"]},"type":"Scope"},"Selected_File":{"actions":{"Get_file_content":{"runAfter":{"Get_file_properties":["Succeeded"]},"type":"OpenApiConnection","inputs":{"host":{"apiId":"/providers/Microsoft.PowerApps/apis/shared_sharepointonline","connectionName":"shared_sharepointonline","operationId":"GetFileContent"},"parameters":{"dataset":"https://crmbc932042.sharepoint.com/sites/CustomerContracts","id":"@outputs('Get_file_properties')?['body/{Identifier}']","inferContentType":true},"authentication":{"value":"@json(decodeBase64(triggerOutputs().headers['X-MS-APIM-Tokens']))['$ConnectionKey']","type":"Raw"}}},"Get_file_properties":{"runAfter":{},"type":"OpenApiConnection","inputs":{"host":{"apiId":"/providers/Microsoft.PowerApps/apis/shared_sharepointonline","connectionName":"shared_sharepointonline","operationId":"GetFileItem"},"parameters":{"dataset":"https://crmbc932042.sharepoint.com/sites/CustomerContracts","table":"9509f7ce-c715-4a5c-840f-77ebaf729cd9","id":"@triggerBody()?['entity']?['ID']"},"authentication":{"value":"@json(decodeBase64(triggerOutputs().headers['X-MS-APIM-Tokens']))['$ConnectionKey']","type":"Raw"}}},"Convert_Word_to_PDF":{"runAfter":{"Get_file_content":["Succeeded"]},"type":"OpenApiConnection","inputs":{"host":{"apiId":"/providers/Microsoft.PowerApps/apis/shared_adobepdftools","connectionName":"shared_adobepdftools","operationId":"CreatePDFFromWord"},"parameters":{"inputFileName":"file.docx","InputFile0/body":"@outputs('Get_file_content')?['body']"},"authentication":{"value":"@json(decodeBase64(triggerOutputs().headers['X-MS-APIM-Tokens']))['$ConnectionKey']","type":"Raw"}}}},"runAfter":{"Cover":["Succeeded"]},"type":"Scope"},"Create_file":{"runAfter":{"Merge_PDFs":["Succeeded"]},"type":"OpenApiConnection","inputs":{"host":{"apiId":"/providers/Microsoft.PowerApps/apis/shared_sharepointonline","connectionName":"shared_sharepointonline","operationId":"CreateFile"},"parameters":{"dataset":"https://crmbc932042.sharepoint.com/sites/CustomerContracts","folderPath":"/Shared Documents/E04_PDFTools_Merge/Generated Docs","name":"@{outputs('Merge_PDFs')?['body/fileName']}_@{utcNow()}.pdf","body":"@outputs('Merge_PDFs')?['body/fileContent']"},"authentication":{"value":"@json(decodeBase64(triggerOutputs().headers['X-MS-APIM-Tokens']))['$ConnectionKey']","type":"Raw"}},"runtimeConfiguration":{"contentTransfer":{"transferMode":"Chunked"}}},"finalDocument":{"runAfter":{"templatesFolderPath":["Succeeded"]},"type":"InitializeVariable","inputs":{"variables":[{"name":"finaldoc","type":"object"}]}}}},"connectionReferences":{"shared_sharepointonline":{"connectionName":"shared-sharepointonl-23c90fd5-56b5-44b9-a82f-029256df1bb2","source":"Invoker","id":"/providers/Microsoft.PowerApps/apis/shared_sharepointonline","tier":"NotSpecified"},"shared_adobepdftools":{"connectionName":"shared-adobepdftools-55eb1012-4538-4baf-b630-ddc6-7226d450","source":"Invoker","id":"/providers/Microsoft.PowerApps/apis/shared_adobepdftools","tier":"NotSpecified"}},"flowFailureAlertSubscribed":false}}